{"cameraMode":{"drawMode":0,"name":"Shaded","section":"Shading Mode"},"sceneLighting":false,"audioPlay":false,"sceneViewState":{"m_AlwaysRefresh":false,"showFog":false,"showSkybox":false,"showFlares":true,"showImageEffects":true,"showParticleSystems":true,"showVisualEffectGraphs":true,"m_FxEnabled":true},"in2DMode":false,"pivot":{"x":148.36256408691407,"y":5.5257415771484379,"z":193.17018127441407},"rotation":{"x":-0.21481890976428986,"y":0.7537177205085754,"z":-0.2966760993003845,"w":-0.5457218289375305},"size":12.889068603515625,"orthographic":true}