{"cameraMode":{"drawMode":0,"name":"Shaded","section":"Shading Mode"},"sceneLighting":false,"audioPlay":false,"sceneViewState":{"m_AlwaysRefresh":false,"showFog":false,"showSkybox":false,"showFlares":true,"showImageEffects":true,"showParticleSystems":true,"showVisualEffectGraphs":true,"m_FxEnabled":true},"in2DMode":false,"pivot":{"x":-0.010944157838821411,"y":0.06055177003145218,"z":-0.0070296525955200199},"rotation":{"x":-0.24532641470432282,"y":-0.6555406451225281,"z":0.23890474438667298,"w":-0.6730813980102539},"size":0.24552848935127259,"orthographic":false}