{"cameraMode":{"drawMode":0,"name":"Shaded","section":"Shading Mode"},"sceneLighting":false,"audioPlay":false,"sceneViewState":{"m_AlwaysRefresh":false,"showFog":false,"showSkybox":false,"showFlares":true,"showImageEffects":true,"showParticleSystems":true,"showVisualEffectGraphs":true,"m_FxEnabled":true},"in2DMode":false,"pivot":{"x":171.73426818847657,"y":0.26620739698410036,"z":190.48260498046876},"rotation":{"x":-0.18176588416099549,"y":-0.6709799766540527,"z":0.1748996376991272,"w":-0.6972609162330627},"size":3.5431714057922365,"orthographic":false}