{"cameraMode":{"drawMode":0,"name":"Shaded","section":"Shading Mode"},"sceneLighting":false,"audioPlay":false,"sceneViewState":{"m_AlwaysRefresh":false,"showFog":false,"showSkybox":false,"showFlares":true,"showImageEffects":true,"showParticleSystems":true,"showVisualEffectGraphs":true,"m_FxEnabled":true},"in2DMode":false,"pivot":{"x":0.020271778106689454,"y":1.014628291130066,"z":-0.0314100980758667},"rotation":{"x":0.014010007493197918,"y":0.9538191556930542,"z":-0.2969270646572113,"w":0.04463852569460869},"size":108.60189056396485,"orthographic":false}