{"cameraMode":{"drawMode":0,"name":"Shaded","section":"Shading Mode"},"sceneLighting":false,"audioPlay":false,"sceneViewState":{"m_AlwaysRefresh":false,"showFog":false,"showSkybox":false,"showFlares":true,"showImageEffects":true,"showParticleSystems":true,"showVisualEffectGraphs":true,"m_FxEnabled":true},"in2DMode":false,"pivot":{"x":153.28321838378907,"y":15.39651870727539,"z":164.67889404296876},"rotation":{"x":0.13094954192638398,"y":-0.5551124215126038,"z":0.08900734037160874,"w":0.8166103959083557},"size":25.709455490112306,"orthographic":true}