{"cameraMode":{"drawMode":0,"name":"Shaded","section":"Shading Mode"},"sceneLighting":false,"audioPlay":false,"sceneViewState":{"m_AlwaysRefresh":false,"showFog":false,"showSkybox":false,"showFlares":true,"showImageEffects":true,"showParticleSystems":true,"showVisualEffectGraphs":true,"m_FxEnabled":true},"in2DMode":false,"pivot":{"x":101.94133758544922,"y":12.534374237060547,"z":107.23147583007813},"rotation":{"x":0.3697531819343567,"y":0.29929858446121218,"z":-0.12716370820999146,"w":0.8704397082328796},"size":3.6800451278686525,"orthographic":false}