{"cameraMode":{"drawMode":0,"name":"Shaded","section":"Shading Mode"},"sceneLighting":false,"audioPlay":false,"sceneViewState":{"m_AlwaysRefresh":false,"showFog":false,"showSkybox":false,"showFlares":true,"showImageEffects":true,"showParticleSystems":true,"showVisualEffectGraphs":true,"m_FxEnabled":true},"in2DMode":false,"pivot":{"x":167.11956787109376,"y":17.161579132080079,"z":194.6269073486328},"rotation":{"x":0.13525940477848054,"y":-0.5796918869018555,"z":0.09831511974334717,"w":0.7975366115570068},"size":26.516145706176759,"orthographic":true}