{"cameraMode":{"drawMode":0,"name":"Shaded","section":"Shading Mode"},"sceneLighting":false,"audioPlay":false,"sceneViewState":{"m_AlwaysRefresh":false,"showFog":false,"showSkybox":false,"showFlares":true,"showImageEffects":true,"showParticleSystems":true,"showVisualEffectGraphs":true,"m_FxEnabled":true},"in2DMode":false,"pivot":{"x":184.47935485839845,"y":14.596240997314454,"z":236.40570068359376},"rotation":{"x":0.13094954192638398,"y":-0.5551124215126038,"z":0.08900734037160874,"w":0.8166103959083557},"size":15.927801132202149,"orthographic":true}