{"cameraMode":{"drawMode":0,"name":"Shaded","section":"Shading Mode"},"sceneLighting":false,"audioPlay":false,"sceneViewState":{"m_AlwaysRefresh":false,"showFog":false,"showSkybox":false,"showFlares":true,"showImageEffects":true,"showParticleSystems":true,"showVisualEffectGraphs":true,"m_FxEnabled":true},"in2DMode":false,"pivot":{"x":28.349184036254884,"y":4.296111583709717,"z":24.153303146362306},"rotation":{"x":0.026116102933883668,"y":-0.9627839922904968,"z":0.2494337260723114,"w":0.10087976604700089},"size":1.1480016708374024,"orthographic":false}