{"cameraMode":{"drawMode":0,"name":"Shaded","section":"Shading Mode"},"sceneLighting":false,"audioPlay":false,"sceneViewState":{"m_AlwaysRefresh":false,"showFog":false,"showSkybox":false,"showFlares":true,"showImageEffects":true,"showParticleSystems":true,"showVisualEffectGraphs":true,"m_FxEnabled":true},"in2DMode":false,"pivot":{"x":183.62030029296876,"y":3.217003107070923,"z":241.39959716796876},"rotation":{"x":-0.004326999187469482,"y":-0.9329548478126526,"z":-0.011194159276783467,"w":0.35979893803596499},"size":8.604995727539063,"orthographic":false}