{"cameraMode":{"drawMode":0,"name":"Shaded","section":"Shading Mode"},"sceneLighting":false,"audioPlay":false,"sceneViewState":{"m_AlwaysRefresh":false,"showFog":false,"showSkybox":false,"showFlares":true,"showImageEffects":true,"showParticleSystems":true,"showVisualEffectGraphs":true,"m_FxEnabled":true},"in2DMode":false,"pivot":{"x":137.1548309326172,"y":4.5984883308410648,"z":172.88629150390626},"rotation":{"x":0.05553808808326721,"y":-0.46988287568092348,"z":0.029649248346686364,"w":0.8804816603660584},"size":7.1399922370910648,"orthographic":false}