{"cameraMode":{"drawMode":0,"name":"Shaded","section":"Shading Mode"},"sceneLighting":true,"audioPlay":false,"sceneViewState":{"m_AlwaysRefresh":false,"showFog":false,"showSkybox":true,"showFlares":true,"showImageEffects":true,"showParticleSystems":true,"showVisualEffectGraphs":true,"m_FxEnabled":true},"in2DMode":false,"pivot":{"x":87.97740173339844,"y":12.466104507446289,"z":123.31134796142578},"rotation":{"x":0.008106096647679806,"y":-0.9916650652885437,"z":0.07960867136716843,"w":0.10181377083063126},"size":3.21880841255188,"orthographic":false}