{"cameraMode":{"drawMode":0,"name":"Shaded","section":"Shading Mode"},"sceneLighting":true,"audioPlay":false,"sceneViewState":{"m_AlwaysRefresh":false,"showFog":false,"showSkybox":true,"showFlares":true,"showImageEffects":true,"showParticleSystems":true,"showVisualEffectGraphs":true,"m_FxEnabled":true},"in2DMode":false,"pivot":{"x":-3.5480685234069826,"y":2.909562110900879,"z":-0.07441756874322891},"rotation":{"x":0.0012267837300896645,"y":-0.9970388412475586,"z":-0.013750376179814339,"w":-0.07706265151500702},"size":2.310124158859253,"orthographic":true}