{"cameraMode":{"drawMode":0,"name":"Shaded","section":"Shading Mode"},"sceneLighting":true,"audioPlay":false,"sceneViewState":{"m_AlwaysRefresh":false,"showFog":false,"showSkybox":true,"showFlares":true,"showImageEffects":true,"showParticleSystems":true,"showVisualEffectGraphs":true,"m_FxEnabled":true},"in2DMode":false,"pivot":{"x":141.39663696289063,"y":20.727523803710939,"z":148.0459442138672},"rotation":{"x":-0.024686193093657495,"y":0.7211483120918274,"z":0.025781167671084405,"w":0.6919114589691162},"size":15.153901100158692,"orthographic":false}