{"cameraMode":{"drawMode":0,"name":"Shaded","section":"Shading Mode"},"sceneLighting":true,"audioPlay":false,"sceneViewState":{"m_AlwaysRefresh":false,"showFog":false,"showSkybox":true,"showFlares":true,"showImageEffects":true,"showParticleSystems":true,"showVisualEffectGraphs":true,"m_FxEnabled":true},"in2DMode":false,"pivot":{"x":98.02982330322266,"y":18.837007522583009,"z":119.94570922851563},"rotation":{"x":-0.2266199290752411,"y":0.009349912405014038,"z":-0.002181143732741475,"w":-0.9740141034126282},"size":4.469874382019043,"orthographic":false}