{"cameraMode":{"drawMode":0,"name":"Shaded","section":"Shading Mode"},"sceneLighting":false,"audioPlay":false,"sceneViewState":{"m_AlwaysRefresh":false,"showFog":false,"showSkybox":false,"showFlares":true,"showImageEffects":true,"showParticleSystems":true,"showVisualEffectGraphs":true,"m_FxEnabled":true},"in2DMode":false,"pivot":{"x":145.0672149658203,"y":13.86106014251709,"z":196.14474487304688},"rotation":{"x":0.19082562625408173,"y":-0.28819769620895388,"z":0.05871737748384476,"w":0.9365633130073547},"size":25.511333465576173,"orthographic":true}