{"cameraMode":{"drawMode":0,"name":"Shaded","section":"Shading Mode"},"sceneLighting":false,"audioPlay":false,"sceneViewState":{"m_AlwaysRefresh":false,"showFog":false,"showSkybox":false,"showFlares":true,"showImageEffects":true,"showParticleSystems":true,"showVisualEffectGraphs":true,"m_FxEnabled":true},"in2DMode":false,"pivot":{"x":-0.012420549988746643,"y":0.007121846079826355,"z":-0.003112584352493286},"rotation":{"x":0.14231117069721223,"y":0.8228361010551453,"z":-0.23544137179851533,"w":0.49727046489715578},"size":1.3345743417739869,"orthographic":false}