{"cameraMode":{"drawMode":0,"name":"Shaded","section":"Shading Mode"},"sceneLighting":false,"audioPlay":false,"sceneViewState":{"m_AlwaysRefresh":false,"showFog":false,"showSkybox":false,"showFlares":true,"showImageEffects":true,"showParticleSystems":true,"showVisualEffectGraphs":true,"m_FxEnabled":true},"in2DMode":false,"pivot":{"x":132.2918701171875,"y":1.8564358949661255,"z":210.83705139160157},"rotation":{"x":-0.004326999187469482,"y":-0.9329548478126526,"z":-0.011194159276783467,"w":0.35979893803596499},"size":5.34250020980835,"orthographic":false}